filename,score,label,x1,y1,x2,y2,list_url,median_lon,closest_slice
F22_day09_band0003_resx2.tiff,0.8391,1,1790.7130126953125,2369.1357421875,1876.76171875,2442.001220703125,https://dwjtvz5c9xobz.cloudfront.net/mars_mro_marci_dailyglobalmosaics_wang_2023/data/data_F22/index/band0003/F22_day09_band0003.list,91,MROM_0799/F22_044312_0927_MA_00N083W.IMG
F17_day11_band0003_resx2.tiff,0.9032,1,387.20263671875,2558.030029296875,443.8756103515625,2626.271484375,https://dwjtvz5c9xobz.cloudfront.net/mars_mro_marci_dailyglobalmosaics_wang_2023/data/data_F17/index/band0003/F17_day11_band0003.list,20,MROM_0775/F17_042371_0257_MA_00N012W.IMG
F17_day11_band0003_resx2.tiff,0.8356,1,1742.650390625,2661.2314453125,1789.3389892578125,2725.369873046875,https://dwjtvz5c9xobz.cloudfront.net/mars_mro_marci_dailyglobalmosaics_wang_2023/data/data_F17/index/band0003/F17_day11_band0003.list,88,MROM_0775/F17_042374_0258_MA_00N094W.IMG
F19_day16_band0003_resx2.tiff,0.9641,1,2148.52587890625,2525.126953125,2322.60888671875,2677.853271484375,https://dwjtvz5c9xobz.cloudfront.net/mars_mro_marci_dailyglobalmosaics_wang_2023/data/data_F19/index/band0003/F19_day16_band0003.list,111,MROM_0785/F19_043218_0554_MA_00N097W.IMG
F19_day05_band0003_resx2.tiff,0.7571,1,1909.476806640625,2607.801513671875,2143.878662109375,2810.917236328125,https://dwjtvz5c9xobz.cloudfront.net/mars_mro_marci_dailyglobalmosaics_wang_2023/data/data_F19/index/band0003/F19_day05_band0003.list,101,MROM_0783/F19_043086_0509_MA_00N093W.IMG
F18_day06_band0003_resx2.tiff,0.9493,1,246.8354339599609,2466.64306640625,484.6773376464844,2959.007080078125,https://dwjtvz5c9xobz.cloudfront.net/mars_mro_marci_dailyglobalmosaics_wang_2023/data/data_F18/index/band0003/F18_day06_band0003.list,18,MROM_0778/F18_042701_0375_MA_00N022W.IMG
F18_day06_band0003_resx2.tiff,0.8116,1,2031.2373046875,2727.188720703125,2091.853515625,2821.271484375,https://dwjtvz5c9xobz.cloudfront.net/mars_mro_marci_dailyglobalmosaics_wang_2023/data/data_F18/index/band0003/F18_day06_band0003.list,103,MROM_0778/F18_042704_0376_MA_00N104W.IMG
F22_day11_band0003_resx2.tiff,0.9792,1,4132.10498046875,2441.746826171875,4303.4892578125,2708.728515625,https://dwjtvz5c9xobz.cloudfront.net/mars_mro_marci_dailyglobalmosaics_wang_2023/data/data_F22/index/band0003/F22_day11_band0003.list,210,MROM_0799/F22_044330_0934_MA_00N214W.IMG
F21_day02_band0003_resx2.tiff,0.9097,1,6280.4111328125,1062.49755859375,6332.091796875,1181.1024169921875,https://dwjtvz5c9xobz.cloudfront.net/mars_mro_marci_dailyglobalmosaics_wang_2023/data/data_F21/index/band0003/F21_day02_band0003.list,315,MROM_0793/F21_043833_0763_MA_00N326W.IMG
F21_day14_band0003_resx2.tiff,0.8665,1,1737.418212890625,2710.369873046875,1976.447021484375,2864.599853515625,https://dwjtvz5c9xobz.cloudfront.net/mars_mro_marci_dailyglobalmosaics_wang_2023/data/data_F21/index/band0003/F21_day14_band0003.list,92,MROM_0794/F21_043969_0810_MA_00N079W.IMG
F21_day14_band0003_resx2.tiff,0.7646,1,1170.777587890625,2626.9326171875,1407.9371337890625,2827.9833984375,https://dwjtvz5c9xobz.cloudfront.net/mars_mro_marci_dailyglobalmosaics_wang_2023/data/data_F21/index/band0003/F21_day14_band0003.list,64,MROM_0794/F21_043968_0809_MA_00N052W.IMG
F15_day12_band0003_resx2.tiff,0.922,1,2635.191162109375,1217.4708251953125,2774.883056640625,1375.176025390625,https://dwjtvz5c9xobz.cloudfront.net/mars_mro_marci_dailyglobalmosaics_wang_2023/data/data_F15/index/band0003/F15_day12_band0003.list,135,MROM_0767/F15_041598_3566_MC_00N147W.IMG
F15_day12_band0003_resx2.tiff,0.7741,1,3843.40771484375,721.922607421875,3911.854248046875,827.0078125,https://dwjtvz5c9xobz.cloudfront.net/mars_mro_marci_dailyglobalmosaics_wang_2023/data/data_F15/index/band0003/F15_day12_band0003.list,193,MROM_0767/F15_041600_3567_MC_00N201W.IMG
F18_day28_band0003_resx2.tiff,0.7891,1,4921.52783203125,2375.87255859375,4967.88525390625,2468.076416015625,https://dwjtvz5c9xobz.cloudfront.net/mars_mro_marci_dailyglobalmosaics_wang_2023/data/data_F18/index/band0003/F18_day28_band0003.list,247,MROM_0781/F18_042973_0470_MA_00N248W.IMG
F18_day08_band0003_resx2.tiff,0.9453,1,2504.62109375,1969.8172607421875,2781.81494140625,2509.203369140625,https://dwjtvz5c9xobz.cloudfront.net/mars_mro_marci_dailyglobalmosaics_wang_2023/data/data_F18/index/band0003/F18_day08_band0003.list,132,MROM_0778/F18_042731_0385_MA_00N121W.IMG
F18_day08_band0003_resx2.tiff,0.9305,1,2083.6923828125,2730.182861328125,2260.634521484375,2936.35986328125,https://dwjtvz5c9xobz.cloudfront.net/mars_mro_marci_dailyglobalmosaics_wang_2023/data/data_F18/index/band0003/F18_day08_band0003.list,108,MROM_0778/F18_042731_0385_MA_00N121W.IMG
F18_day08_band0003_resx2.tiff,0.8444,1,2523.242431640625,1938.3646240234373,3140.6005859375,2583.1396484375,https://dwjtvz5c9xobz.cloudfront.net/mars_mro_marci_dailyglobalmosaics_wang_2023/data/data_F18/index/band0003/F18_day08_band0003.list,141,MROM_0778/F18_042732_0386_MA_00N148W.IMG
F22_day26_band0003_resx2.tiff,0.9625,1,3213.249755859375,1704.371337890625,3296.44580078125,1899.9830322265625,https://dwjtvz5c9xobz.cloudfront.net/mars_mro_marci_dailyglobalmosaics_wang_2023/data/data_F22/index/band0003/F22_day26_band0003.list,162,MROM_0801/F22_044513_0997_MA_00N170W.IMG
F22_day26_band0003_resx2.tiff,0.8554,1,1983.9415283203125,2353.07275390625,2151.3125,2468.771484375,https://dwjtvz5c9xobz.cloudfront.net/mars_mro_marci_dailyglobalmosaics_wang_2023/data/data_F22/index/band0003/F22_day26_band0003.list,103,MROM_0801/F22_044511_0996_MA_00N115W.IMG
F22_day26_band0003_resx2.tiff,0.8464,1,1776.2880859375,2336.178955078125,1824.3232421875,2410.12451171875,https://dwjtvz5c9xobz.cloudfront.net/mars_mro_marci_dailyglobalmosaics_wang_2023/data/data_F22/index/band0003/F22_day26_band0003.list,90,MROM_0801/F22_044510_0996_MA_00N088W.IMG
F18_day12_band0003_resx2.tiff,0.9381,1,1341.7442626953125,2553.860107421875,1616.6123046875,2965.649658203125,https://dwjtvz5c9xobz.cloudfront.net/mars_mro_marci_dailyglobalmosaics_wang_2023/data/data_F18/index/band0003/F18_day12_band0003.list,73,MROM_0779/F18_042782_0403_MA_00N073W.IMG
F18_day12_band0003_resx2.tiff,0.933,1,2503.355712890625,2220.061767578125,2640.933837890625,2812.808837890625,https://dwjtvz5c9xobz.cloudfront.net/mars_mro_marci_dailyglobalmosaics_wang_2023/data/data_F18/index/band0003/F18_day12_band0003.list,128,MROM_0779/F18_042784_0404_MA_00N128W.IMG
F18_day12_band0003_resx2.tiff,0.8424,1,3543.99462890625,1998.65576171875,3716.159423828125,2277.881103515625,https://dwjtvz5c9xobz.cloudfront.net/mars_mro_marci_dailyglobalmosaics_wang_2023/data/data_F18/index/band0003/F18_day12_band0003.list,181,MROM_0779/F18_042773_0400_MA_00N187W.IMG
F18_day09_band0003_resx2.tiff,0.7518,1,2630.9775390625,1928.531005859375,2851.15380859375,2488.439453125,https://dwjtvz5c9xobz.cloudfront.net/mars_mro_marci_dailyglobalmosaics_wang_2023/data/data_F18/index/band0003/F18_day09_band0003.list,137,MROM_0779/F18_042745_0390_MA_00N143W.IMG
F21_day28_band0003_resx2.tiff,0.9416,1,3756.177734375,1771.0380859375,3793.2119140625,1833.2403564453125,https://dwjtvz5c9xobz.cloudfront.net/mars_mro_marci_dailyglobalmosaics_wang_2023/data/data_F21/index/band0003/F21_day28_band0003.list,188,MROM_0796/F21_044144_0870_MA_00N177W.IMG
F21_day28_band0003_resx2.tiff,0.8703,1,4247.9931640625,2410.962158203125,4414.822265625,2632.26904296875,https://dwjtvz5c9xobz.cloudfront.net/mars_mro_marci_dailyglobalmosaics_wang_2023/data/data_F21/index/band0003/F21_day28_band0003.list,216,MROM_0796/F21_044145_0870_MA_00N204W.IMG
F18_day20_band0003_resx2.tiff,0.9777,1,6394.33203125,2591.80859375,6684.90380859375,2863.114501953125,https://dwjtvz5c9xobz.cloudfront.net/mars_mro_marci_dailyglobalmosaics_wang_2023/data/data_F18/index/band0003/F18_day20_band0003.list,326,MROM_0780/F18_042870_0434_MA_00N316W.IMG
F18_day20_band0003_resx2.tiff,0.7848,1,1412.699462890625,2696.44873046875,1714.2559814453125,2914.47412109375,https://dwjtvz5c9xobz.cloudfront.net/mars_mro_marci_dailyglobalmosaics_wang_2023/data/data_F18/index/band0003/F18_day20_band0003.list,78,MROM_0780/F18_042874_0435_MA_00N065W.IMG
F18_day20_band0003_resx2.tiff,0.7693,1,3101.781005859375,1777.712646484375,3269.131103515625,2207.83935546875,https://dwjtvz5c9xobz.cloudfront.net/mars_mro_marci_dailyglobalmosaics_wang_2023/data/data_F18/index/band0003/F18_day20_band0003.list,159,MROM_0780/F18_042877_0436_MA_00N147W.IMG
F19_day29_band0003_resx2.tiff,0.9326,1,5407.8740234375,2239.107666015625,5573.69384765625,2750.77587890625,https://dwjtvz5c9xobz.cloudfront.net/mars_mro_marci_dailyglobalmosaics_wang_2023/data/data_F19/index/band0003/F19_day29_band0003.list,274,MROM_0787/F19_043370_0606_MA_00N287W.IMG
F19_day29_band0003_resx2.tiff,0.7769,1,6680.5439453125,2575.06201171875,6741.9267578125,2670.70654296875,https://dwjtvz5c9xobz.cloudfront.net/mars_mro_marci_dailyglobalmosaics_wang_2023/data/data_F19/index/band0003/F19_day29_band0003.list,335,MROM_0787/F19_043372_0607_MA_00N341W.IMG
F17_day23_band0003_resx2.tiff,0.9718,1,289.44891357421875,1083.8194580078125,478.4322204589844,1353.306396484375,https://dwjtvz5c9xobz.cloudfront.net/mars_mro_marci_dailyglobalmosaics_wang_2023/data/data_F17/index/band0003/F17_day23_band0003.list,19,MROM_0776/F17_042516_0309_MA_00N011W.IMG
F15_day22_band0003_resx2.tiff,0.8548,1,7027.7255859375,1082.625,7053.1826171875,1150.7769775390625,https://dwjtvz5c9xobz.cloudfront.net/mars_mro_marci_dailyglobalmosaics_wang_2023/data/data_F15/index/band0003/F15_day22_band0003.list,352,MROM_0768/F15_041724_0016_MC_00N347W.IMG
F18_day01_band0003_resx2.tiff,0.9276,1,2247.704833984375,2761.55078125,2387.479248046875,2901.3369140625,https://dwjtvz5c9xobz.cloudfront.net/mars_mro_marci_dailyglobalmosaics_wang_2023/data/data_F18/index/band0003/F18_day01_band0003.list,115,MROM_0778/F18_042652_0357_MA_00N124W.IMG
F18_day01_band0003_resx2.tiff,0.7537,1,4231.02294921875,2654.012939453125,4375.25732421875,2894.193115234375,https://dwjtvz5c9xobz.cloudfront.net/mars_mro_marci_dailyglobalmosaics_wang_2023/data/data_F18/index/band0003/F18_day01_band0003.list,215,MROM_0778/F18_042642_0354_MA_00N211W.IMG
F16_day24_band0003_resx2.tiff,0.8631,1,3722.57763671875,798.3800659179688,3868.32958984375,886.1807250976562,https://dwjtvz5c9xobz.cloudfront.net/mars_mro_marci_dailyglobalmosaics_wang_2023/data/data_F16/index/band0003/F16_day24_band0003.list,189,MROM_0772/F16_042127_0168_MA_00N190W.IMG
F23_day19_band0003_resx2.tiff,0.8611,1,2122.206298828125,2410.455078125,2226.267333984375,2502.724365234375,https://dwjtvz5c9xobz.cloudfront.net/mars_mro_marci_dailyglobalmosaics_wang_2023/data/data_F23/index/band0003/F23_day19_band0003.list,108,MROM_0805/F23_044867_1122_MA_00N113W.IMG
F16_day22_band0003_resx2.tiff,0.9035,1,6350.69140625,2855.243896484375,6389.5888671875,2932.442138671875,https://dwjtvz5c9xobz.cloudfront.net/mars_mro_marci_dailyglobalmosaics_wang_2023/data/data_F16/index/band0003/F16_day22_band0003.list,318,MROM_0772/F16_042105_0160_MA_00N309W.IMG
F23_day05_band0003_resx2.tiff,0.757,1,4219.41552734375,2405.176513671875,4401.3544921875,2621.987060546875,https://dwjtvz5c9xobz.cloudfront.net/mars_mro_marci_dailyglobalmosaics_wang_2023/data/data_F23/index/band0003/F23_day05_band0003.list,215,MROM_0802/F23_044699_1062_MA_00N207W.IMG
F17_day28_band0003_resx2.tiff,0.9903,1,2449.955810546875,2233.773193359375,2601.02392578125,2504.33935546875,https://dwjtvz5c9xobz.cloudfront.net/mars_mro_marci_dailyglobalmosaics_wang_2023/data/data_F17/index/band0003/F17_day28_band0003.list,126,MROM_0776/F17_042573_0329_MA_00N127W.IMG
F16_day01_band0003_resx2.tiff,0.766,1,5655.2900390625,716.01123046875,5761.974609375,1009.1036376953124,https://dwjtvz5c9xobz.cloudfront.net/mars_mro_marci_dailyglobalmosaics_wang_2023/data/data_F16/index/band0003/F16_day01_band0003.list,285,MROM_0770/F16_041852_0065_MA_00N242W.IMG
F20_day11_band0003_resx2.tiff,0.9533,1,6225.17333984375,1162.8643798828125,6306.09716796875,1269.9598388671875,https://dwjtvz5c9xobz.cloudfront.net/mars_mro_marci_dailyglobalmosaics_wang_2023/data/data_F20/index/band0003/F20_day11_band0003.list,313,MROM_0789/F20_043556_0669_MA_00N324W.IMG
F22_day22_band0003_resx2.tiff,0.8943,1,4083.31982421875,2403.8828125,4257.091796875,2687.075927734375,https://dwjtvz5c9xobz.cloudfront.net/mars_mro_marci_dailyglobalmosaics_wang_2023/data/data_F22/index/band0003/F22_day22_band0003.list,208,MROM_0801/F22_044462_0979_MA_00N217W.IMG
F22_day22_band0003_resx2.tiff,0.8579,1,5037.55126953125,2233.248291015625,5170.2529296875,2442.084228515625,https://dwjtvz5c9xobz.cloudfront.net/mars_mro_marci_dailyglobalmosaics_wang_2023/data/data_F22/index/band0003/F22_day22_band0003.list,255,MROM_0801/F22_044463_0980_MA_00N245W.IMG
F18_day07_band0003_resx2.tiff,0.7662,1,6479.857421875,2054.022705078125,6575.23974609375,2185.5908203125,https://dwjtvz5c9xobz.cloudfront.net/mars_mro_marci_dailyglobalmosaics_wang_2023/data/data_F18/index/band0003/F18_day07_band0003.list,326,MROM_0778/F18_042725_0383_MA_00N317W.IMG
F22_day03_band0003_resx2.tiff,0.8523,1,4003.821044921875,2455.932373046875,4151.9775390625,2714.18017578125,https://dwjtvz5c9xobz.cloudfront.net/mars_mro_marci_dailyglobalmosaics_wang_2023/data/data_F22/index/band0003/F22_day03_band0003.list,203,MROM_0798/F22_044237_0902_MA_00N195W.IMG
F17_day19_band0003_resx2.tiff,0.8522,1,2687.82568359375,1858.8541259765625,2930.8564453125,2514.636962890625,https://dwjtvz5c9xobz.cloudfront.net/mars_mro_marci_dailyglobalmosaics_wang_2023/data/data_F17/index/band0003/F17_day19_band0003.list,140,MROM_0775/F17_042468_0292_MA_00N140W.IMG
F18_day30_band0003_resx2.tiff,0.9878,1,2938.861572265625,1833.1861572265625,3157.76904296875,2318.08984375,https://dwjtvz5c9xobz.cloudfront.net/mars_mro_marci_dailyglobalmosaics_wang_2023/data/data_F18/index/band0003/F18_day30_band0003.list,152,MROM_0781/F18_042996_0478_MA_00N156W.IMG
F21_day08_band0003_resx2.tiff,0.9054,1,4985.541015625,1871.977783203125,5199.953125,2452.365234375,https://dwjtvz5c9xobz.cloudfront.net/mars_mro_marci_dailyglobalmosaics_wang_2023/data/data_F21/index/band0003/F21_day08_band0003.list,254,MROM_0793/F21_043896_0785_MA_00N246W.IMG
F23_day10_band0003_resx2.tiff,0.8497,1,6341.2255859375,1022.377685546875,6378.552734375,1144.893798828125,https://dwjtvz5c9xobz.cloudfront.net/mars_mro_marci_dailyglobalmosaics_wang_2023/data/data_F23/index/band0003/F23_day10_band0003.list,317,MROM_0803/F23_044756_1082_MA_00N323W.IMG
F17_day24_band0003_resx2.tiff,0.9575,1,3625.0654296875,2618.092041015625,3988.490966796875,2899.00830078125,https://dwjtvz5c9xobz.cloudfront.net/mars_mro_marci_dailyglobalmosaics_wang_2023/data/data_F17/index/band0003/F17_day24_band0003.list,190,MROM_0776/F17_042523_0312_MA_00N202W.IMG
F17_day24_band0003_resx2.tiff,0.8685,1,6697.46484375,2678.5009765625,6765.70068359375,2802.4326171875,https://dwjtvz5c9xobz.cloudfront.net/mars_mro_marci_dailyglobalmosaics_wang_2023/data/data_F17/index/band0003/F17_day24_band0003.list,336,MROM_0776/F17_042528_0313_MA_00N338W.IMG
F17_day24_band0003_resx2.tiff,0.7566,1,3273.8837890625,2015.8826904296875,3428.453125,2330.1669921875,https://dwjtvz5c9xobz.cloudfront.net/mars_mro_marci_dailyglobalmosaics_wang_2023/data/data_F17/index/band0003/F17_day24_band0003.list,167,MROM_0776/F17_042522_0311_MA_00N174W.IMG
F17_day26_band0003_resx2.tiff,0.9607,1,25.0080623626709,985.8652954101562,208.45318603515625,1458.038330078125,https://dwjtvz5c9xobz.cloudfront.net/mars_mro_marci_dailyglobalmosaics_wang_2023/data/data_F17/index/band0003/F17_day26_band0003.list,5,MROM_0776/F17_042543_0319_MA_00N028W.IMG
F22_day20_band0003_resx2.tiff,0.9658,1,5344.7802734375,1816.6492919921875,5483.8115234375,2034.6116943359373,https://dwjtvz5c9xobz.cloudfront.net/mars_mro_marci_dailyglobalmosaics_wang_2023/data/data_F22/index/band0003/F22_day20_band0003.list,270,MROM_0800/F22_044438_0971_MA_00N282W.IMG
F23_day06_band0003_resx2.tiff,0.934,1,1696.2353515625,2702.4814453125,1955.476806640625,2888.64599609375,https://dwjtvz5c9xobz.cloudfront.net/mars_mro_marci_dailyglobalmosaics_wang_2023/data/data_F23/index/band0003/F23_day06_band0003.list,91,MROM_0802/F23_044708_1065_MA_00N093W.IMG
F22_day10_band0003_resx2.tiff,0.7886,1,6247.74853515625,1023.1188354492188,6294.68994140625,1140.101806640625,https://dwjtvz5c9xobz.cloudfront.net/mars_mro_marci_dailyglobalmosaics_wang_2023/data/data_F22/index/band0003/F22_day10_band0003.list,313,MROM_0799/F22_044320_0930_MA_00N301W.IMG
F23_day23_band0003_resx2.tiff,0.9729,1,2071.184814453125,2365.34716796875,2192.296630859375,2488.887451171875,https://dwjtvz5c9xobz.cloudfront.net/mars_mro_marci_dailyglobalmosaics_wang_2023/data/data_F23/index/band0003/F23_day23_band0003.list,106,MROM_0807/F23_044919_1141_MA_00N092W.IMG
F23_day23_band0003_resx2.tiff,0.7742,1,2064.18505859375,2642.97607421875,2283.505126953125,2894.18505859375,https://dwjtvz5c9xobz.cloudfront.net/mars_mro_marci_dailyglobalmosaics_wang_2023/data/data_F23/index/band0003/F23_day23_band0003.list,108,MROM_0807/F23_044920_1141_MA_00N120W.IMG
F23_day23_band0003_resx2.tiff,0.766,1,2114.38134765625,2365.651123046875,2214.013427734375,2475.1240234375,https://dwjtvz5c9xobz.cloudfront.net/mars_mro_marci_dailyglobalmosaics_wang_2023/data/data_F23/index/band0003/F23_day23_band0003.list,108,MROM_0807/F23_044920_1141_MA_00N120W.IMG
F19_day10_band0003_resx2.tiff,0.9111,1,2805.0830078125,1795.0733642578125,3118.482177734375,2328.067626953125,https://dwjtvz5c9xobz.cloudfront.net/mars_mro_marci_dailyglobalmosaics_wang_2023/data/data_F19/index/band0003/F19_day10_band0003.list,148,MROM_0784/F19_043141_0528_MA_00N155W.IMG
F19_day07_band0003_resx2.tiff,0.9893,1,2297.513427734375,2429.438720703125,2569.82275390625,2934.6162109375,https://dwjtvz5c9xobz.cloudfront.net/mars_mro_marci_dailyglobalmosaics_wang_2023/data/data_F19/index/band0003/F19_day07_band0003.list,121,MROM_0783/F19_043100_0513_MA_00N115W.IMG
F19_day07_band0003_resx2.tiff,0.9119,1,2784.884033203125,1957.2442626953125,2972.382568359375,2515.28466796875,https://dwjtvz5c9xobz.cloudfront.net/mars_mro_marci_dailyglobalmosaics_wang_2023/data/data_F19/index/band0003/F19_day07_band0003.list,143,MROM_0783/F19_043101_0514_MA_00N142W.IMG
F19_day07_band0003_resx2.tiff,0.7617,1,4496.7001953125,2609.108154296875,4658.06591796875,2874.484619140625,https://dwjtvz5c9xobz.cloudfront.net/mars_mro_marci_dailyglobalmosaics_wang_2023/data/data_F19/index/band0003/F19_day07_band0003.list,228,MROM_0783/F19_043104_0515_MA_00N224W.IMG
F15_day30_band0003_resx2.tiff,0.8909,1,5382.94921875,1110.727294921875,5471.14501953125,1422.481689453125,https://dwjtvz5c9xobz.cloudfront.net/mars_mro_marci_dailyglobalmosaics_wang_2023/data/data_F15/index/band0003/F15_day30_band0003.list,271,MROM_0768/F15_041814_0050_MA_00N284W.IMG
F23_day14_band0003_resx2.tiff,0.8524,1,3973.299560546875,2422.178955078125,4151.70849609375,2641.091796875,https://dwjtvz5c9xobz.cloudfront.net/mars_mro_marci_dailyglobalmosaics_wang_2023/data/data_F23/index/band0003/F23_day14_band0003.list,203,MROM_0804/F23_044804_1099_MA_00N193W.IMG
F22_day23_band0003_resx2.tiff,0.9917,1,4158.12255859375,2425.637939453125,4329.923828125,2686.833251953125,https://dwjtvz5c9xobz.cloudfront.net/mars_mro_marci_dailyglobalmosaics_wang_2023/data/data_F22/index/band0003/F22_day23_band0003.list,212,MROM_0801/F22_044475_0984_MA_00N212W.IMG
F22_day23_band0003_resx2.tiff,0.9438,1,6294.30224609375,1060.499267578125,6335.818359375,1162.78662109375,https://dwjtvz5c9xobz.cloudfront.net/mars_mro_marci_dailyglobalmosaics_wang_2023/data/data_F22/index/band0003/F22_day23_band0003.list,315,MROM_0801/F22_044479_0985_MA_00N321W.IMG
F19_day01_band0003_resx2.tiff,0.9237,1,2328.95849609375,2476.095703125,2558.997314453125,2917.121826171875,https://dwjtvz5c9xobz.cloudfront.net/mars_mro_marci_dailyglobalmosaics_wang_2023/data/data_F19/index/band0003/F19_day01_band0003.list,122,MROM_0783/F19_043034_0491_MA_00N113W.IMG
F19_day17_band0003_resx2.tiff,0.8034,1,6625.794921875,2519.31982421875,6681.7666015625,2650.246337890625,https://dwjtvz5c9xobz.cloudfront.net/mars_mro_marci_dailyglobalmosaics_wang_2023/data/data_F19/index/band0003/F19_day17_band0003.list,332,MROM_0785/F19_043227_0557_MA_00N342W.IMG
F22_day18_band0003_resx2.tiff,0.9198,1,6247.19921875,1085.4456787109375,6309.18017578125,1179.1728515625,https://dwjtvz5c9xobz.cloudfront.net/mars_mro_marci_dailyglobalmosaics_wang_2023/data/data_F22/index/band0003/F22_day18_band0003.list,313,MROM_0800/F22_044413_0962_MA_00N320W.IMG
F18_day19_band0003_resx2.tiff,0.983,1,3026.1123046875,1946.3387451171875,3201.540771484375,2357.841064453125,https://dwjtvz5c9xobz.cloudfront.net/mars_mro_marci_dailyglobalmosaics_wang_2023/data/data_F18/index/band0003/F18_day19_band0003.list,155,MROM_0780/F18_042864_0432_MA_00N152W.IMG
F18_day21_band0003_resx2.tiff,0.7801,1,2027.3946533203125,2361.328369140625,2364.3857421875,2922.439208984375,https://dwjtvz5c9xobz.cloudfront.net/mars_mro_marci_dailyglobalmosaics_wang_2023/data/data_F18/index/band0003/F18_day21_band0003.list,109,MROM_0780/F18_042889_0440_MA_00N115W.IMG
F17_day31_band0003_resx2.tiff,0.977,1,4348.056640625,2687.85791015625,4499.01708984375,2902.46240234375,https://dwjtvz5c9xobz.cloudfront.net/mars_mro_marci_dailyglobalmosaics_wang_2023/data/data_F17/index/band0003/F17_day31_band0003.list,221,MROM_0777/F17_042603_0340_MA_00N226W.IMG
F17_day31_band0003_resx2.tiff,0.9558,1,2749.58056640625,2008.2265625,3024.947265625,2466.2265625,https://dwjtvz5c9xobz.cloudfront.net/mars_mro_marci_dailyglobalmosaics_wang_2023/data/data_F17/index/band0003/F17_day31_band0003.list,144,MROM_0777/F17_042613_0344_MA_00N139W.IMG
F17_day10_band0003_resx2.tiff,0.8974,1,386.8829650878906,2554.1162109375,447.152587890625,2632.64208984375,https://dwjtvz5c9xobz.cloudfront.net/mars_mro_marci_dailyglobalmosaics_wang_2023/data/data_F17/index/band0003/F17_day10_band0003.list,20,MROM_0775/F17_042358_0252_MA_00N017W.IMG
F18_day23_band0003_resx2.tiff,0.9356,1,4893.88818359375,2367.967529296875,4960.7783203125,2466.078369140625,https://dwjtvz5c9xobz.cloudfront.net/mars_mro_marci_dailyglobalmosaics_wang_2023/data/data_F18/index/band0003/F18_day23_band0003.list,246,MROM_0780/F18_042907_0447_MA_00N246W.IMG
F18_day23_band0003_resx2.tiff,0.8981,1,2457.701171875,2028.21630859375,2659.902099609375,2935.830810546875,https://dwjtvz5c9xobz.cloudfront.net/mars_mro_marci_dailyglobalmosaics_wang_2023/data/data_F18/index/band0003/F18_day23_band0003.list,127,MROM_0781/F18_042916_0450_MA_00N132W.IMG
F22_day19_band0003_resx2.tiff,0.923,1,3757.129150390625,1771.12255859375,3786.68505859375,1830.63525390625,https://dwjtvz5c9xobz.cloudfront.net/mars_mro_marci_dailyglobalmosaics_wang_2023/data/data_F22/index/band0003/F22_day19_band0003.list,188,MROM_0800/F22_044434_0970_MA_00N173W.IMG
F22_day19_band0003_resx2.tiff,0.9106,1,4241.7080078125,2420.769775390625,4419.611328125,2678.50146484375,https://dwjtvz5c9xobz.cloudfront.net/mars_mro_marci_dailyglobalmosaics_wang_2023/data/data_F22/index/band0003/F22_day19_band0003.list,216,MROM_0800/F22_044422_0965_MA_00N206W.IMG
F19_day13_band0003_resx2.tiff,0.9662,1,2672.052001953125,1890.895751953125,2973.68505859375,2716.60009765625,https://dwjtvz5c9xobz.cloudfront.net/mars_mro_marci_dailyglobalmosaics_wang_2023/data/data_F19/index/band0003/F19_day13_band0003.list,141,MROM_0784/F19_043180_0541_MA_00N139W.IMG
F18_day18_band0003_resx2.tiff,0.9902,1,3446.891357421875,1936.9625244140625,3687.9794921875,2261.984619140625,https://dwjtvz5c9xobz.cloudfront.net/mars_mro_marci_dailyglobalmosaics_wang_2023/data/data_F18/index/band0003/F18_day18_band0003.list,178,MROM_0780/F18_042852_0428_MA_00N184W.IMG
F18_day18_band0003_resx2.tiff,0.9143,1,1324.0318603515625,2532.604736328125,1586.697509765625,2971.3330078125,https://dwjtvz5c9xobz.cloudfront.net/mars_mro_marci_dailyglobalmosaics_wang_2023/data/data_F18/index/band0003/F18_day18_band0003.list,72,MROM_0780/F18_042848_0426_MA_00N075W.IMG
F18_day18_band0003_resx2.tiff,0.9023,1,6707.95166015625,2421.493896484375,6813.91259765625,2521.52490234375,https://dwjtvz5c9xobz.cloudfront.net/mars_mro_marci_dailyglobalmosaics_wang_2023/data/data_F18/index/band0003/F18_day18_band0003.list,338,MROM_0780/F18_042845_0425_MA_00N353W.IMG
F21_day21_band0003_resx2.tiff,0.8682,1,6269.1015625,1074.3173828125,6324.0869140625,1155.4569091796875,https://dwjtvz5c9xobz.cloudfront.net/mars_mro_marci_dailyglobalmosaics_wang_2023/data/data_F21/index/band0003/F21_day21_band0003.list,314,MROM_0795/F21_044057_0840_MA_00N321W.IMG
F19_day08_band0003_resx2.tiff,0.9592,1,2598.03466796875,1900.15380859375,2896.642333984375,2536.718994140625,https://dwjtvz5c9xobz.cloudfront.net/mars_mro_marci_dailyglobalmosaics_wang_2023/data/data_F19/index/band0003/F19_day08_band0003.list,137,MROM_0783/F19_043114_0518_MA_00N137W.IMG
F19_day08_band0003_resx2.tiff,0.7776,1,3214.6533203125,2138.688232421875,3525.451416015625,2498.40087890625,https://dwjtvz5c9xobz.cloudfront.net/mars_mro_marci_dailyglobalmosaics_wang_2023/data/data_F19/index/band0003/F19_day08_band0003.list,168,MROM_0783/F19_043116_0519_MA_00N192W.IMG
F18_day03_band0003_resx2.tiff,0.9867,1,2305.990234375,2523.67578125,2435.947021484375,2678.9462890625,https://dwjtvz5c9xobz.cloudfront.net/mars_mro_marci_dailyglobalmosaics_wang_2023/data/data_F18/index/band0003/F18_day03_band0003.list,118,MROM_0778/F18_042665_0362_MA_00N119W.IMG
F18_day03_band0003_resx2.tiff,0.9863,1,2743.407958984375,2005.890380859375,2964.51123046875,2423.594482421875,https://dwjtvz5c9xobz.cloudfront.net/mars_mro_marci_dailyglobalmosaics_wang_2023/data/data_F18/index/band0003/F18_day03_band0003.list,142,MROM_0778/F18_042666_0362_MA_00N146W.IMG
F15_day01_band0003_resx2.tiff,0.9537,1,2309.3212890625,1070.0408935546875,2433.521484375,1234.9027099609375,https://dwjtvz5c9xobz.cloudfront.net/mars_mro_marci_dailyglobalmosaics_wang_2023/data/data_F15/index/band0003/F15_day01_band0003.list,118,MROM_0767/F15_041465_3514_MA_00N115W.IMG
F15_day01_band0003_resx2.tiff,0.9222,1,0.0,994.1533813476562,84.95863342285156,1141.7745361328125,https://dwjtvz5c9xobz.cloudfront.net/mars_mro_marci_dailyglobalmosaics_wang_2023/data/data_F15/index/band0003/F15_day01_band0003.list,2,MROM_0767/F15_041461_3512_MA_00N006W.IMG
F23_day28_band0003_resx2.tiff,0.9196,1,6226.9951171875,1035.4156494140625,6294.259765625,1216.552001953125,https://dwjtvz5c9xobz.cloudfront.net/mars_mro_marci_dailyglobalmosaics_wang_2023/data/data_F23/index/band0003/F23_day28_band0003.list,313,MROM_0808/F23_044976_1161_MA_00N208W.IMG
F18_day31_band0003_resx2.tiff,0.8682,1,3092.913330078125,1882.8592529296875,3248.093994140625,2301.234375,https://dwjtvz5c9xobz.cloudfront.net/mars_mro_marci_dailyglobalmosaics_wang_2023/data/data_F18/index/band0003/F18_day31_band0003.list,158,MROM_0781/F18_043009_0482_MA_00N151W.IMG
F18_day31_band0003_resx2.tiff,0.8402,1,2125.9013671875,2512.904541015625,2172.51806640625,2579.544189453125,https://dwjtvz5c9xobz.cloudfront.net/mars_mro_marci_dailyglobalmosaics_wang_2023/data/data_F18/index/band0003/F18_day31_band0003.list,107,MROM_0781/F18_043007_0481_MA_00N096W.IMG
F15_day07_band0003_resx2.tiff,0.964,1,4477.6220703125,773.150146484375,4542.35791015625,875.4061889648438,https://dwjtvz5c9xobz.cloudfront.net/mars_mro_marci_dailyglobalmosaics_wang_2023/data/data_F15/index/band0003/F15_day07_band0003.list,225,MROM_0767/F15_041535_3541_MC_00N226W.IMG
F15_day02_band0003_resx2.tiff,0.9559,1,2270.4951171875,1137.56640625,2523.242431640625,1403.6103515625,https://dwjtvz5c9xobz.cloudfront.net/mars_mro_marci_dailyglobalmosaics_wang_2023/data/data_F15/index/band0003/F15_day02_band0003.list,119,MROM_0767/F15_041478_3519_MA_00N110W.IMG
F15_day02_band0003_resx2.tiff,0.8617,1,2731.985107421875,1071.5738525390625,2882.39892578125,1446.0989990234375,https://dwjtvz5c9xobz.cloudfront.net/mars_mro_marci_dailyglobalmosaics_wang_2023/data/data_F15/index/band0003/F15_day02_band0003.list,140,MROM_0767/F15_041479_3519_MA_00N137W.IMG
F17_day25_band0003_resx2.tiff,0.9661,1,4379.06005859375,2678.109375,4509.70751953125,2900.884521484375,https://dwjtvz5c9xobz.cloudfront.net/mars_mro_marci_dailyglobalmosaics_wang_2023/data/data_F17/index/band0003/F17_day25_band0003.list,222,MROM_0776/F17_042537_0317_MA_00N224W.IMG
F17_day25_band0003_resx2.tiff,0.7932,1,390.4593811035156,993.9418334960938,540.9585571289062,1212.605712890625,https://dwjtvz5c9xobz.cloudfront.net/mars_mro_marci_dailyglobalmosaics_wang_2023/data/data_F17/index/band0003/F17_day25_band0003.list,23,MROM_0776/F17_042543_0319_MA_00N028W.IMG
F19_day19_band0003_resx2.tiff,0.9829,1,2659.8701171875,1826.5943603515625,2963.333984375,2617.265380859375,https://dwjtvz5c9xobz.cloudfront.net/mars_mro_marci_dailyglobalmosaics_wang_2023/data/data_F19/index/band0003/F19_day19_band0003.list,140,MROM_0785/F19_043246_0564_MA_00N141W.IMG
F22_day16_band0003_resx2.tiff,0.9585,1,1958.723388671875,2397.772216796875,2092.007568359375,2511.076904296875,https://dwjtvz5c9xobz.cloudfront.net/mars_mro_marci_dailyglobalmosaics_wang_2023/data/data_F22/index/band0003/F22_day16_band0003.list,101,MROM_0800/F22_044392_0955_MA_00N107W.IMG
F17_day22_band0003_resx2.tiff,0.9454,1,2481.696044921875,2043.9708251953125,2700.466552734375,2446.021484375,https://dwjtvz5c9xobz.cloudfront.net/mars_mro_marci_dailyglobalmosaics_wang_2023/data/data_F17/index/band0003/F17_day22_band0003.list,129,MROM_0776/F17_042507_0306_MA_00N125W.IMG
F17_day22_band0003_resx2.tiff,0.824,1,1576.3482666015625,2570.122314453125,1622.18359375,2660.10498046875,https://dwjtvz5c9xobz.cloudfront.net/mars_mro_marci_dailyglobalmosaics_wang_2023/data/data_F17/index/band0003/F17_day22_band0003.list,79,MROM_0776/F17_042505_0305_MA_00N070W.IMG
F18_day04_band0003_resx2.tiff,0.8447,1,2694.9404296875,681.0067138671875,2750.0615234375,897.0821533203125,https://dwjtvz5c9xobz.cloudfront.net/mars_mro_marci_dailyglobalmosaics_wang_2023/data/data_F18/index/band0003/F18_day04_band0003.list,136,MROM_0778/F18_042679_0367_MA_00N141W.IMG
F18_day04_band0003_resx2.tiff,0.819,1,2806.56005859375,1912.654052734375,2965.0380859375,2431.57470703125,https://dwjtvz5c9xobz.cloudfront.net/mars_mro_marci_dailyglobalmosaics_wang_2023/data/data_F18/index/band0003/F18_day04_band0003.list,144,MROM_0778/F18_042679_0367_MA_00N141W.IMG
F19_day23_band0003_resx2.tiff,0.9903,1,2146.4326171875,2113.799560546875,2255.821533203125,2449.7666015625,https://dwjtvz5c9xobz.cloudfront.net/mars_mro_marci_dailyglobalmosaics_wang_2023/data/data_F19/index/band0003/F19_day23_band0003.list,110,MROM_0786/F19_043298_0581_MA_00N121W.IMG
F19_day23_band0003_resx2.tiff,0.8738,1,5316.4736328125,2276.29296875,5578.474609375,2748.90576171875,https://dwjtvz5c9xobz.cloudfront.net/mars_mro_marci_dailyglobalmosaics_wang_2023/data/data_F19/index/band0003/F19_day23_band0003.list,272,MROM_0786/F19_043290_0579_MA_00N262W.IMG
F16_day15_band0003_resx2.tiff,0.7815,1,1496.15478515625,2810.89892578125,1660.412353515625,2944.119873046875,https://dwjtvz5c9xobz.cloudfront.net/mars_mro_marci_dailyglobalmosaics_wang_2023/data/data_F16/index/band0003/F16_day15_band0003.list,78,MROM_0771/F16_042017_0127_MA_00N067W.IMG
F22_day13_band0003_resx2.tiff,0.9675,1,1823.8101806640625,2336.582763671875,2022.7607421875,2478.904052734375,https://dwjtvz5c9xobz.cloudfront.net/mars_mro_marci_dailyglobalmosaics_wang_2023/data/data_F22/index/band0003/F22_day13_band0003.list,96,MROM_0799/F22_044352_0941_MA_00N095W.IMG
F22_day13_band0003_resx2.tiff,0.8863,1,5491.2099609375,2547.76318359375,5614.41357421875,2840.67626953125,https://dwjtvz5c9xobz.cloudfront.net/mars_mro_marci_dailyglobalmosaics_wang_2023/data/data_F22/index/band0003/F22_day13_band0003.list,277,MROM_0799/F22_044359_0944_MA_00N286W.IMG
F17_day21_band0003_resx2.tiff,0.8776,1,2826.1259765625,901.3718872070312,2991.5478515625,1049.8404541015625,https://dwjtvz5c9xobz.cloudfront.net/mars_mro_marci_dailyglobalmosaics_wang_2023/data/data_F17/index/band0003/F17_day21_band0003.list,145,MROM_0776/F17_042495_0302_MA_00N157W.IMG
F23_day11_band0003_resx2.tiff,0.8936,1,2687.797607421875,2700.872802734375,2882.481689453125,2872.840576171875,https://dwjtvz5c9xobz.cloudfront.net/mars_mro_marci_dailyglobalmosaics_wang_2023/data/data_F23/index/band0003/F23_day11_band0003.list,139,MROM_0804/F23_044776_1090_MA_00N149W.IMG
F23_day11_band0003_resx2.tiff,0.7585,1,4215.11279296875,2429.079833984375,4362.193359375,2699.898681640625,https://dwjtvz5c9xobz.cloudfront.net/mars_mro_marci_dailyglobalmosaics_wang_2023/data/data_F23/index/band0003/F23_day11_band0003.list,214,MROM_0804/F23_044778_1090_MA_00N203W.IMG
F16_day16_band0003_resx2.tiff,0.8959,1,6268.21142578125,2805.6845703125,6311.70556640625,2886.80859375,https://dwjtvz5c9xobz.cloudfront.net/mars_mro_marci_dailyglobalmosaics_wang_2023/data/data_F16/index/band0003/F16_day16_band0003.list,314,MROM_0771/F16_042026_0130_MA_00N312W.IMG
F16_day27_band0003_resx2.tiff,0.8534,1,7011.93017578125,2678.147216796875,7098.0048828125,2898.965087890625,https://dwjtvz5c9xobz.cloudfront.net/mars_mro_marci_dailyglobalmosaics_wang_2023/data/data_F16/index/band0003/F16_day27_band0003.list,352,MROM_0772/F16_042159_0180_MA_00N343W.IMG
F16_day03_band0003_resx2.tiff,0.9881,1,7015.64892578125,997.0781860351562,7099.2099609375,1173.687255859375,https://dwjtvz5c9xobz.cloudfront.net/mars_mro_marci_dailyglobalmosaics_wang_2023/data/data_F16/index/band0003/F16_day03_band0003.list,352,MROM_0770/F16_041869_0071_MA_00N346W.IMG
F16_day03_band0003_resx2.tiff,0.9007,1,6996.60302734375,996.444091796875,7093.7548828125,1332.8955078125,https://dwjtvz5c9xobz.cloudfront.net/mars_mro_marci_dailyglobalmosaics_wang_2023/data/data_F16/index/band0003/F16_day03_band0003.list,352,MROM_0770/F16_041869_0071_MA_00N346W.IMG
F16_day04_band0003_resx2.tiff,0.9382,1,3812.66015625,617.0997924804688,3927.694580078125,855.239013671875,https://dwjtvz5c9xobz.cloudfront.net/mars_mro_marci_dailyglobalmosaics_wang_2023/data/data_F16/index/band0003/F16_day04_band0003.list,193,MROM_0770/F16_041890_0079_MA_00N199W.IMG
F18_day05_band0003_resx2.tiff,0.8031,1,3629.24365234375,2590.31298828125,3756.04150390625,2762.95458984375,https://dwjtvz5c9xobz.cloudfront.net/mars_mro_marci_dailyglobalmosaics_wang_2023/data/data_F18/index/band0003/F18_day05_band0003.list,184,MROM_0778/F18_042694_0372_MA_00N191W.IMG
F18_day05_band0003_resx2.tiff,0.7507,1,5612.37353515625,1939.208251953125,5765.974609375,2177.732666015625,https://dwjtvz5c9xobz.cloudfront.net/mars_mro_marci_dailyglobalmosaics_wang_2023/data/data_F18/index/band0003/F18_day05_band0003.list,284,MROM_0778/F18_042697_0373_MA_00N272W.IMG
F23_day07_band0003_resx2.tiff,0.8381,1,1667.9898681640625,2527.615478515625,1881.2496337890625,2852.7685546875,https://dwjtvz5c9xobz.cloudfront.net/mars_mro_marci_dailyglobalmosaics_wang_2023/data/data_F23/index/band0003/F23_day07_band0003.list,88,MROM_0803/F23_044721_1070_MA_00N087W.IMG
F23_day07_band0003_resx2.tiff,0.7838,1,2733.16015625,2695.590576171875,2898.28173828125,2848.8466796875,https://dwjtvz5c9xobz.cloudfront.net/mars_mro_marci_dailyglobalmosaics_wang_2023/data/data_F23/index/band0003/F23_day07_band0003.list,140,MROM_0803/F23_044723_1071_MA_00N142W.IMG
F21_day17_band0003_resx2.tiff,0.8079,1,3750.129150390625,1798.817626953125,3782.486572265625,1862.25244140625,https://dwjtvz5c9xobz.cloudfront.net/mars_mro_marci_dailyglobalmosaics_wang_2023/data/data_F21/index/band0003/F21_day17_band0003.list,188,MROM_0795/F21_044013_0825_MA_00N200W.IMG
F21_day17_band0003_resx2.tiff,0.772,1,5476.11181640625,2529.35888671875,5598.3701171875,2839.171142578125,https://dwjtvz5c9xobz.cloudfront.net/mars_mro_marci_dailyglobalmosaics_wang_2023/data/data_F21/index/band0003/F21_day17_band0003.list,276,MROM_0795/F21_044003_0821_MA_00N287W.IMG
F19_day21_band0003_resx2.tiff,0.8458,1,2849.401611328125,1725.1719970703125,3032.06982421875,2119.239501953125,https://dwjtvz5c9xobz.cloudfront.net/mars_mro_marci_dailyglobalmosaics_wang_2023/data/data_F19/index/band0003/F19_day21_band0003.list,147,MROM_0786/F19_043273_0573_MA_00N158W.IMG
F17_day30_band0003_resx2.tiff,0.9704,1,3555.89599609375,2722.951416015625,3764.111083984375,2902.0908203125,https://dwjtvz5c9xobz.cloudfront.net/mars_mro_marci_dailyglobalmosaics_wang_2023/data/data_F17/index/band0003/F17_day30_band0003.list,183,MROM_0777/F17_042601_0339_MA_00N171W.IMG
F18_day15_band0003_resx2.tiff,0.7866,1,6276.06396484375,2737.941162109375,6350.529296875,2827.63818359375,https://dwjtvz5c9xobz.cloudfront.net/mars_mro_marci_dailyglobalmosaics_wang_2023/data/data_F18/index/band0003/F18_day15_band0003.list,315,MROM_0779/F18_042817_0415_MA_00N309W.IMG
F19_day24_band0003_resx2.tiff,0.9038,1,1580.9664306640625,2601.089599609375,1718.1490478515625,2703.32080078125,https://dwjtvz5c9xobz.cloudfront.net/mars_mro_marci_dailyglobalmosaics_wang_2023/data/data_F19/index/band0003/F19_day24_band0003.list,82,MROM_0786/F19_043310_0585_MA_00N088W.IMG
F18_day24_band0003_resx2.tiff,0.7759,1,2860.80078125,1727.019775390625,3162.2451171875,2355.925537109375,https://dwjtvz5c9xobz.cloudfront.net/mars_mro_marci_dailyglobalmosaics_wang_2023/data/data_F18/index/band0003/F18_day24_band0003.list,150,MROM_0781/F18_042917_0450_MA_00N159W.IMG
F17_day01_band0003_resx2.tiff,0.7808,1,770.7803344726562,2853.333740234375,842.1415405273438,2962.155029296875,https://dwjtvz5c9xobz.cloudfront.net/mars_mro_marci_dailyglobalmosaics_wang_2023/data/data_F17/index/band0003/F17_day01_band0003.list,40,MROM_0774/F17_042253_0214_MA_00N030W.IMG
F18_day10_band0003_resx2.tiff,0.8455,1,4551.23828125,2699.458740234375,4658.86962890625,2849.219970703125,https://dwjtvz5c9xobz.cloudfront.net/mars_mro_marci_dailyglobalmosaics_wang_2023/data/data_F18/index/band0003/F18_day10_band0003.list,230,MROM_0779/F18_042761_0396_MA_00N220W.IMG
F18_day22_band0003_resx2.tiff,0.7566,1,2321.2412109375,2343.43115234375,2491.228271484375,2900.586181640625,https://dwjtvz5c9xobz.cloudfront.net/mars_mro_marci_dailyglobalmosaics_wang_2023/data/data_F18/index/band0003/F18_day22_band0003.list,120,MROM_0780/F18_042902_0445_MA_00N109W.IMG
F17_day04_band0003_resx2.tiff,0.8065,1,4014.247802734375,2818.242431640625,4063.77587890625,2888.450927734375,https://dwjtvz5c9xobz.cloudfront.net/mars_mro_marci_dailyglobalmosaics_wang_2023/data/data_F17/index/band0003/F17_day04_band0003.list,201,MROM_0774/F17_042286_0226_MA_00N211W.IMG
F19_day14_band0003_resx2.tiff,0.9125,1,2868.494873046875,1833.341796875,3042.3984375,2231.80078125,https://dwjtvz5c9xobz.cloudfront.net/mars_mro_marci_dailyglobalmosaics_wang_2023/data/data_F19/index/band0003/F19_day14_band0003.list,147,MROM_0784/F19_043193_0545_MA_00N134W.IMG
F19_day14_band0003_resx2.tiff,0.7508,1,3319.413330078125,1812.392822265625,3467.366943359375,2296.082763671875,https://dwjtvz5c9xobz.cloudfront.net/mars_mro_marci_dailyglobalmosaics_wang_2023/data/data_F19/index/band0003/F19_day14_band0003.list,169,MROM_0784/F19_043194_0546_MA_00N162W.IMG
F19_day32_band0003_resx2.tiff,0.9442,1,2845.615234375,2007.80859375,2980.2587890625,2393.88720703125,https://dwjtvz5c9xobz.cloudfront.net/mars_mro_marci_dailyglobalmosaics_wang_2023/data/data_F19/index/band0003/F19_day32_band0003.list,145,MROM_0787/F19_043404_0617_MA_00N135W.IMG
F18_day17_band0003_resx2.tiff,0.8473,1,1257.29443359375,2588.345947265625,1452.176513671875,2962.92919921875,https://dwjtvz5c9xobz.cloudfront.net/mars_mro_marci_dailyglobalmosaics_wang_2023/data/data_F18/index/band0003/F18_day17_band0003.list,67,MROM_0780/F18_042835_0422_MA_00N080W.IMG
F18_day17_band0003_resx2.tiff,0.7975,1,2676.942138671875,2329.372314453125,2741.36669921875,2419.909423828125,https://dwjtvz5c9xobz.cloudfront.net/mars_mro_marci_dailyglobalmosaics_wang_2023/data/data_F18/index/band0003/F18_day17_band0003.list,135,MROM_0780/F18_042837_0422_MA_00N135W.IMG
F18_day17_band0003_resx2.tiff,0.767,1,4263.16162109375,2554.094482421875,4370.9033203125,2821.40478515625,https://dwjtvz5c9xobz.cloudfront.net/mars_mro_marci_dailyglobalmosaics_wang_2023/data/data_F18/index/band0003/F18_day17_band0003.list,215,MROM_0780/F18_042840_0423_MA_00N217W.IMG
F19_day11_band0003_resx2.tiff,0.9411,1,2171.94189453125,2624.510986328125,2323.457763671875,2820.006103515625,https://dwjtvz5c9xobz.cloudfront.net/mars_mro_marci_dailyglobalmosaics_wang_2023/data/data_F19/index/band0003/F19_day11_band0003.list,112,MROM_0784/F19_043153_0532_MA_00N122W.IMG
F19_day26_band0003_resx2.tiff,0.8446,1,1385.6429443359375,2676.535400390625,1563.264404296875,2806.946044921875,https://dwjtvz5c9xobz.cloudfront.net/mars_mro_marci_dailyglobalmosaics_wang_2023/data/data_F19/index/band0003/F19_day26_band0003.list,73,MROM_0786/F19_043336_0594_MA_00N078W.IMG
F17_day29_band0003_resx2.tiff,0.9504,1,636.8408813476562,2799.856689453125,718.7202758789062,2908.367919921875,https://dwjtvz5c9xobz.cloudfront.net/mars_mro_marci_dailyglobalmosaics_wang_2023/data/data_F17/index/band0003/F17_day29_band0003.list,33,MROM_0777/F17_042583_0333_MA_00N040W.IMG
F17_day29_band0003_resx2.tiff,0.7861,1,2242.6845703125,2552.23779296875,2292.4169921875,2622.948486328125,https://dwjtvz5c9xobz.cloudfront.net/mars_mro_marci_dailyglobalmosaics_wang_2023/data/data_F17/index/band0003/F17_day29_band0003.list,113,MROM_0777/F17_042586_0334_MA_00N122W.IMG
F18_day27_band0003_resx2.tiff,0.8674,1,1816.5791015625,2746.05615234375,1931.25,2896.25537109375,https://dwjtvz5c9xobz.cloudfront.net/mars_mro_marci_dailyglobalmosaics_wang_2023/data/data_F18/index/band0003/F18_day27_band0003.list,93,MROM_0781/F18_042954_0463_MA_00N089W.IMG
F18_day27_band0003_resx2.tiff,0.7864,1,1899.4483642578125,2563.390625,2207.11328125,2854.44091796875,https://dwjtvz5c9xobz.cloudfront.net/mars_mro_marci_dailyglobalmosaics_wang_2023/data/data_F18/index/band0003/F18_day27_band0003.list,102,MROM_0781/F18_042954_0463_MA_00N089W.IMG
F19_day22_band0003_resx2.tiff,0.9626,1,6262.599609375,1102.06689453125,6311.23388671875,1180.4659423828125,https://dwjtvz5c9xobz.cloudfront.net/mars_mro_marci_dailyglobalmosaics_wang_2023/data/data_F19/index/band0003/F19_day22_band0003.list,314,MROM_0786/F19_043279_0575_MA_00N322W.IMG
F19_day22_band0003_resx2.tiff,0.8669,1,4976.486328125,2386.181640625,5025.85302734375,2454.058349609375,https://dwjtvz5c9xobz.cloudfront.net/mars_mro_marci_dailyglobalmosaics_wang_2023/data/data_F19/index/band0003/F19_day22_band0003.list,250,MROM_0786/F19_043290_0579_MA_00N262W.IMG
F19_day22_band0003_resx2.tiff,0.7587,1,2060.4443359375,2468.473876953125,2194.98486328125,2642.84130859375,https://dwjtvz5c9xobz.cloudfront.net/mars_mro_marci_dailyglobalmosaics_wang_2023/data/data_F19/index/band0003/F19_day22_band0003.list,106,MROM_0786/F19_043284_0577_MA_00N099W.IMG
F23_day03_band0003_resx2.tiff,0.9375,1,2132.413818359375,2366.49951171875,2229.43212890625,2488.624267578125,https://dwjtvz5c9xobz.cloudfront.net/mars_mro_marci_dailyglobalmosaics_wang_2023/data/data_F23/index/band0003/F23_day03_band0003.list,109,MROM_0802/F23_044682_1056_MA_00N103W.IMG
F23_day03_band0003_resx2.tiff,0.7942,1,1205.9608154296875,2537.212890625,1486.101806640625,2819.705078125,https://dwjtvz5c9xobz.cloudfront.net/mars_mro_marci_dailyglobalmosaics_wang_2023/data/data_F23/index/band0003/F23_day03_band0003.list,67,MROM_0802/F23_044681_1056_MA_00N076W.IMG
